<?xml version="1.0" encoding="UTF-8"?>
<project-private xmlns="http://www.netbeans.org/ns/project-private/1">
    <editor-bookmarks xmlns="http://www.netbeans.org/ns/editor-bookmarks/2" lastBookmarkId="0"/>
    <open-files xmlns="http://www.netbeans.org/ns/projectui-open-files/2">
        <group>
            <file>file:/C:/Users/AFAN/Downloads/Final%20OOP%20Project/StoreManagment/src/storemanagment/DataBase.java</file>
            <file>file:/C:/Users/AFAN/Downloads/Final%20OOP%20Project/StoreManagment/src/storemanagment/ArrayLists.java</file>
            <file>file:/C:/Users/AFAN/Downloads/Final%20OOP%20Project/StoreManagment/src/storemanagment/Authentication.java</file>
            <file>file:/C:/Users/AFAN/Downloads/Final%20OOP%20Project/StoreManagment/src/storemanagment/AddCustomer.java</file>
            <file>file:/C:/Users/AFAN/Downloads/Final%20OOP%20Project/StoreManagment/src/storemanagment/Manager.java</file>
            <file>file:/C:/Users/AFAN/Downloads/Final%20OOP%20Project/StoreManagment/src/storemanagment/BillView.java</file>
            <file>file:/C:/Users/AFAN/Downloads/Final%20OOP%20Project/StoreManagment/src/storemanagment/CategoryManagement.java</file>
            <file>file:/C:/Users/AFAN/Downloads/Final%20OOP%20Project/StoreManagment/src/storemanagment/AddCategory.java</file>
            <file>file:/C:/Users/AFAN/Downloads/Final%20OOP%20Project/StoreManagment/src/storemanagment/Cashier.java</file>
            <file>file:/C:/Users/AFAN/Downloads/Final%20OOP%20Project/StoreManagment/src/storemanagment/EmployeeManagment.java</file>
            <file>file:/C:/Users/AFAN/Downloads/Final%20OOP%20Project/StoreManagment/src/storemanagment/InventoryManagment.java</file>
            <file>file:/C:/Users/AFAN/Downloads/Final%20OOP%20Project/StoreManagment/src/storemanagment/AddProductView.java</file>
            <file>file:/C:/Users/AFAN/Downloads/Final%20OOP%20Project/StoreManagment/src/storemanagment/BillingManagment.java</file>
            <file>file:/C:/Users/AFAN/Downloads/Final%20OOP%20Project/StoreManagment/src/storemanagment/AddEmployeeView.java</file>
            <file>file:/C:/Users/AFAN/Downloads/Final%20OOP%20Project/StoreManagment/src/storemanagment/loginpic.png</file>
            <file>file:/C:/Users/AFAN/Downloads/Final%20OOP%20Project/StoreManagment/src/storemanagment/AddSupplier.java</file>
            <file>file:/C:/Users/AFAN/Downloads/Final%20OOP%20Project/StoreManagment/src/storemanagment/StoreManagment.java</file>
            <file>file:/C:/Users/AFAN/Downloads/Final%20OOP%20Project/StoreManagment/src/storemanagment/AddProducts.java</file>
            <file>file:/C:/Users/AFAN/Downloads/Final%20OOP%20Project/StoreManagment/src/storemanagment/CustomerManagment.java</file>
            <file>file:/C:/Users/AFAN/Downloads/Final%20OOP%20Project/StoreManagment/src/storemanagment/SupplierManagment.java</file>
        </group>
    </open-files>
</project-private>
